"Step","light-blaze-549 - test_acc","light-blaze-549 - test_acc__MIN","light-blaze-549 - test_acc__MAX","celestial-salad-549 - test_acc","celestial-salad-549 - test_acc__MIN","celestial-salad-549 - test_acc__MAX","floral-frog-548 - test_acc","floral-frog-548 - test_acc__MIN","floral-frog-548 - test_acc__MAX","mild-firebrand-547 - test_acc","mild-firebrand-547 - test_acc__MIN","mild-firebrand-547 - test_acc__MAX","bright-sunset-546 - test_acc","bright-sunset-546 - test_acc__MIN","bright-sunset-546 - test_acc__MAX","glamorous-field-545 - test_acc","glamorous-field-545 - test_acc__MIN","glamorous-field-545 - test_acc__MAX","stoic-cherry-544 - test_acc","stoic-cherry-544 - test_acc__MIN","stoic-cherry-544 - test_acc__MAX","clear-serenity-543 - test_acc","clear-serenity-543 - test_acc__MIN","clear-serenity-543 - test_acc__MAX","twilight-cherry-542 - test_acc","twilight-cherry-542 - test_acc__MIN","twilight-cherry-542 - test_acc__MAX","pious-forest-540 - test_acc","pious-forest-540 - test_acc__MIN","pious-forest-540 - test_acc__MAX","confused-sky-539 - test_acc","confused-sky-539 - test_acc__MIN","confused-sky-539 - test_acc__MAX","ancient-shadow-540 - test_acc","ancient-shadow-540 - test_acc__MIN","ancient-shadow-540 - test_acc__MAX","copper-universe-538 - test_acc","copper-universe-538 - test_acc__MIN","copper-universe-538 - test_acc__MAX","swift-valley-535 - test_acc","swift-valley-535 - test_acc__MIN","swift-valley-535 - test_acc__MAX","jolly-sun-536 - test_acc","jolly-sun-536 - test_acc__MIN","jolly-sun-536 - test_acc__MAX","ethereal-pyramid-534 - test_acc","ethereal-pyramid-534 - test_acc__MIN","ethereal-pyramid-534 - test_acc__MAX","splendid-darkness-537 - test_acc","splendid-darkness-537 - test_acc__MIN","splendid-darkness-537 - test_acc__MAX","elated-rain-533 - test_acc","elated-rain-533 - test_acc__MIN","elated-rain-533 - test_acc__MAX","feasible-brook-532 - test_acc","feasible-brook-532 - test_acc__MIN","feasible-brook-532 - test_acc__MAX","still-voice-531 - test_acc","still-voice-531 - test_acc__MIN","still-voice-531 - test_acc__MAX","comic-smoke-530 - test_acc","comic-smoke-530 - test_acc__MIN","comic-smoke-530 - test_acc__MAX","toasty-leaf-529 - test_acc","toasty-leaf-529 - test_acc__MIN","toasty-leaf-529 - test_acc__MAX","young-waterfall-526 - test_acc","young-waterfall-526 - test_acc__MIN","young-waterfall-526 - test_acc__MAX","noble-sun-527 - test_acc","noble-sun-527 - test_acc__MIN","noble-sun-527 - test_acc__MAX","iconic-pond-527 - test_acc","iconic-pond-527 - test_acc__MIN","iconic-pond-527 - test_acc__MAX","lucky-lake-525 - test_acc","lucky-lake-525 - test_acc__MIN","lucky-lake-525 - test_acc__MAX","vital-tree-523 - test_acc","vital-tree-523 - test_acc__MIN","vital-tree-523 - test_acc__MAX","scarlet-firefly-524 - test_acc","scarlet-firefly-524 - test_acc__MIN","scarlet-firefly-524 - test_acc__MAX","super-water-522 - test_acc","super-water-522 - test_acc__MIN","super-water-522 - test_acc__MAX","worldly-planet-521 - test_acc","worldly-planet-521 - test_acc__MIN","worldly-planet-521 - test_acc__MAX","apricot-cherry-519 - test_acc","apricot-cherry-519 - test_acc__MIN","apricot-cherry-519 - test_acc__MAX","rural-sun-520 - test_acc","rural-sun-520 - test_acc__MIN","rural-sun-520 - test_acc__MAX","jumping-meadow-518 - test_acc","jumping-meadow-518 - test_acc__MIN","jumping-meadow-518 - test_acc__MAX","blooming-firefly-516 - test_acc","blooming-firefly-516 - test_acc__MIN","blooming-firefly-516 - test_acc__MAX","valiant-snowball-515 - test_acc","valiant-snowball-515 - test_acc__MIN","valiant-snowball-515 - test_acc__MAX","dark-fire-517 - test_acc","dark-fire-517 - test_acc__MIN","dark-fire-517 - test_acc__MAX","stellar-haze-513 - test_acc","stellar-haze-513 - test_acc__MIN","stellar-haze-513 - test_acc__MAX","rose-moon-514 - test_acc","rose-moon-514 - test_acc__MIN","rose-moon-514 - test_acc__MAX","iconic-galaxy-512 - test_acc","iconic-galaxy-512 - test_acc__MIN","iconic-galaxy-512 - test_acc__MAX","clean-wildflower-509 - test_acc","clean-wildflower-509 - test_acc__MIN","clean-wildflower-509 - test_acc__MAX","fallen-wood-509 - test_acc","fallen-wood-509 - test_acc__MIN","fallen-wood-509 - test_acc__MAX","deft-sunset-510 - test_acc","deft-sunset-510 - test_acc__MIN","deft-sunset-510 - test_acc__MAX","royal-cosmos-507 - test_acc","royal-cosmos-507 - test_acc__MIN","royal-cosmos-507 - test_acc__MAX"
"3","0.5264466032385826","0.5264466032385826","0.5264466032385826","0","0","0","0.10427451878786087","0.10427451878786087","0.10427451878786087","0","0","0","0.048828125","0.048828125","0.048828125","99.99999872843425","99.99999872843425","99.99999872843425","99.99999872843425","99.99999872843425","99.99999872843425","99.99999872843425","99.99999872843425","99.99999872843425","99.99999872843425","99.99999872843425","99.99999872843425","100","100","100","99.3411153157552","99.3411153157552","99.3411153157552","99.98372395833333","99.98372395833333","99.98372395833333","100","100","100","99.94994099934895","99.94994099934895","99.94994099934895","99.99999872843425","99.99999872843425","99.99999872843425","99.99999872843425","99.99999872843425","99.99999872843425","100","100","100","99.99999872843425","99.99999872843425","99.99999872843425","99.99999872843425","99.99999872843425","99.99999872843425","99.99999872843425","99.99999872843425","99.99999872843425","100","100","100","100","100","100","100","100","100","100","100","100","100","100","100","100","100","100","100","100","100","100","100","100","100","100","100","99.99999872843425","99.99999872843425","99.99999872843425","100","100","100","99.99999872843425","99.99999872843425","99.99999872843425","99.99999872843425","99.99999872843425","99.99999872843425","99.1906369527181","99.1906369527181","99.1906369527181","100","100","100","99.99999872843425","99.99999872843425","99.99999872843425","99.57956186930339","99.57956186930339","99.57956186930339","100","100","100","100","100","100","100","100","100","100","100","100","100","100","100","100","100","100"
"4","0","0","0","0","0","0","0.4898255094885826","0.4898255094885826","0.4898255094885826","0.4226868376135826","0.4226868376135826","0.4226868376135826","0.4715149626135826","0.4715149626135826","0.4715149626135826","99.99999872843425","99.99999872843425","99.99999872843425","99.99999872843425","99.99999872843425","99.99999872843425","99.99999872843425","99.99999872843425","99.99999872843425","99.99999872843425","99.99999872843425","99.99999872843425","100","100","100","99.70984141031902","99.70984141031902","99.70984141031902","100","100","100","100","100","100","100","100","100","99.99999872843425","99.99999872843425","99.99999872843425","99.99999872843425","99.99999872843425","99.99999872843425","100","100","100","99.99999872843425","99.99999872843425","99.99999872843425","99.99999872843425","99.99999872843425","99.99999872843425","99.99999872843425","99.99999872843425","99.99999872843425","100","100","100","100","100","100","100","100","100","100","100","100","100","100","100","100","100","100","100","100","100","100","100","100","100","100","100","99.99999872843425","99.99999872843425","99.99999872843425","100","100","100","99.99999872843425","99.99999872843425","99.99999872843425","99.99999872843425","99.99999872843425","99.99999872843425","98.82738494873047","98.82738494873047","98.82738494873047","100","100","100","99.99999872843425","99.99999872843425","99.99999872843425","100","100","100","100","100","100","100","100","100","100","100","100","100","100","100","100","100","100","100","100","100"
"5","0","0","0","0","0","0","0.6612387001514435","0.6612387001514435","0.6612387001514435","1.5122011452913284","1.5122011452913284","1.5122011452913284","0.7217591032385826","0.7217591032385826","0.7217591032385826","99.99999872843425","99.99999872843425","99.99999872843425","99.99999872843425","99.99999872843425","99.99999872843425","99.99999872843425","99.99999872843425","99.99999872843425","99.99999872843425","99.99999872843425","99.99999872843425","100","100","100","99.9674466451009","99.9674466451009","99.9674466451009","100","100","100","98.847412109375","98.847412109375","98.847412109375","100","100","100","99.99999872843425","99.99999872843425","99.99999872843425","99.99999872843425","99.99999872843425","99.99999872843425","100","100","100","99.99999872843425","99.99999872843425","99.99999872843425","99.99999872843425","99.99999872843425","99.99999872843425","99.99999872843425","99.99999872843425","99.99999872843425","100","100","100","100","100","100","100","100","100","100","100","100","100","100","100","100","100","100","100","100","100","100","100","100","100","100","100","99.99999872843425","99.99999872843425","99.99999872843425","100","100","100","99.99999872843425","99.99999872843425","99.99999872843425","99.99999872843425","99.99999872843425","99.99999872843425","98.87073771158855","98.87073771158855","98.87073771158855","100","100","100","99.99999872843425","99.99999872843425","99.99999872843425","100","100","100","100","100","100","100","100","100","100","100","100","100","100","100","100","100","100","100","100","100"
"6","0","0","0","0","0","0","0.7660279721021652","0.7660279721021652","0.7660279721021652","1.5310264378786087","1.5310264378786087","1.5310264378786087","0","0","0","99.99999872843425","99.99999872843425","99.99999872843425","99.99999872843425","99.99999872843425","99.99999872843425","99.99999872843425","99.99999872843425","99.99999872843425","99.99999872843425","99.99999872843425","99.99999872843425","100","100","100","99.99999872843425","99.99999872843425","99.99999872843425","100","100","100","100","100","100","100","100","100","99.99999872843425","99.99999872843425","99.99999872843425","99.99999872843425","99.99999872843425","99.99999872843425","100","100","100","99.99999872843425","99.99999872843425","99.99999872843425","99.99999872843425","99.99999872843425","99.99999872843425","99.99999872843425","99.99999872843425","99.99999872843425","100","100","100","100","100","100","100","100","100","100","100","100","100","100","100","100","100","100","100","100","100","100","100","100","100","100","100","99.99999872843425","99.99999872843425","99.99999872843425","100","100","100","99.99999872843425","99.99999872843425","99.99999872843425","99.99999872843425","99.99999872843425","99.99999872843425","99.0062739054362","99.0062739054362","99.0062739054362","100","100","100","99.99999872843425","99.99999872843425","99.99999872843425","100","100","100","100","100","100","100","100","100","100","100","100","100","100","100","100","100","100","100","100","100"
"7","0","0","0","0","0","0","0.8575807064771652","0.8575807064771652","0.8575807064771652","2.138877749443054","2.138877749443054","2.138877749443054","0","0","0","99.99999872843425","99.99999872843425","99.99999872843425","99.99999872843425","99.99999872843425","99.99999872843425","99.99999872843425","99.99999872843425","99.99999872843425","99.99999872843425","99.99999872843425","99.99999872843425","100","100","100","99.99999872843425","99.99999872843425","99.99999872843425","100","100","100","100","100","100","100","100","100","99.99999872843425","99.99999872843425","99.99999872843425","99.99999872843425","99.99999872843425","99.99999872843425","100","100","100","99.99999872843425","99.99999872843425","99.99999872843425","99.99999872843425","99.99999872843425","99.99999872843425","99.99999872843425","99.99999872843425","99.99999872843425","100","100","100","100","100","100","100","100","100","100","100","100","100","100","100","100","100","100","100","100","100","100","100","100","100","100","100","99.99999872843425","99.99999872843425","99.99999872843425","100","100","100","99.99999872843425","99.99999872843425","99.99999872843425","99.99999872843425","99.99999872843425","99.99999872843425","99.06457010904948","99.06457010904948","99.06457010904948","100","100","100","99.99999872843425","99.99999872843425","99.99999872843425","100","100","100","100","100","100","100","100","100","100","100","100","100","100","100","100","100","100","100","100","100"
"8","0","0","0","0","0","0","1.041715681552887","1.041715681552887","1.041715681552887","2.451186567544937","2.451186567544937","2.451186567544937","0","0","0","99.99999872843425","99.99999872843425","99.99999872843425","99.99999872843425","99.99999872843425","99.99999872843425","99.99999872843425","99.99999872843425","99.99999872843425","99.99999872843425","99.99999872843425","99.99999872843425","100","100","100","99.99999872843425","99.99999872843425","99.99999872843425","100","100","100","100","100","100","100","100","100","99.99999872843425","99.99999872843425","99.99999872843425","99.99999872843425","99.99999872843425","99.99999872843425","100","100","100","99.99999872843425","99.99999872843425","99.99999872843425","99.99999872843425","99.99999872843425","99.99999872843425","99.99999872843425","99.99999872843425","99.99999872843425","100","100","100","100","100","100","100","100","100","100","100","100","100","100","100","100","100","100","100","100","100","100","100","100","100","100","100","99.99999872843425","99.99999872843425","99.99999872843425","100","100","100","99.99999872843425","99.99999872843425","99.99999872843425","99.99999872843425","99.99999872843425","99.99999872843425","99.02388000488281","99.02388000488281","99.02388000488281","100","100","100","99.99999872843425","99.99999872843425","99.99999872843425","100","100","100","100","100","100","100","100","100","100","100","100","100","100","100","100","100","100","100","100","100"
"9","0","0","0","0","0","0","1.4771243035793304","1.4771243035793304","1.4771243035793304","3.959343194961548","3.959343194961548","3.959343194961548","0","0","0","99.99999872843425","99.99999872843425","99.99999872843425","99.99999872843425","99.99999872843425","99.99999872843425","99.99999872843425","99.99999872843425","99.99999872843425","99.99999872843425","99.99999872843425","99.99999872843425","100","100","100","99.99999872843425","99.99999872843425","99.99999872843425","100","100","100","100","100","100","100","100","100","99.99999872843425","99.99999872843425","99.99999872843425","99.99999872843425","99.99999872843425","99.99999872843425","100","100","100","99.99999872843425","99.99999872843425","99.99999872843425","99.99999872843425","99.99999872843425","99.99999872843425","99.99999872843425","99.99999872843425","99.99999872843425","100","100","100","100","100","100","100","100","100","100","100","100","100","100","100","100","100","100","100","100","100","100","100","100","100","100","100","99.99999872843425","99.99999872843425","99.99999872843425","100","100","100","99.99999872843425","99.99999872843425","99.99999872843425","99.99999872843425","99.99999872843425","99.99999872843425","98.8978157043457","98.8978157043457","98.8978157043457","100","100","100","99.99999872843425","99.99999872843425","99.99999872843425","100","100","100","100","100","100","100","100","100","100","100","100","100","100","100","100","100","100","100","100","100"
"10","0","0","0","0","0","0","1.9531985223293304","1.9531985223293304","1.9531985223293304","3.4929022789001465","3.4929022789001465","3.4929022789001465","0","0","0","99.99999872843425","99.99999872843425","99.99999872843425","99.99999872843425","99.99999872843425","99.99999872843425","99.99999872843425","99.99999872843425","99.99999872843425","99.99999872843425","99.99999872843425","99.99999872843425","100","100","100","99.99999872843425","99.99999872843425","99.99999872843425","100","100","100","100","100","100","100","100","100","99.99999872843425","99.99999872843425","99.99999872843425","99.99999872843425","99.99999872843425","99.99999872843425","100","100","100","99.99999872843425","99.99999872843425","99.99999872843425","99.99999872843425","99.99999872843425","99.99999872843425","99.99999872843425","99.99999872843425","99.99999872843425","100","100","100","100","100","100","100","100","100","100","100","100","100","100","100","100","100","100","100","100","100","100","100","100","100","100","100","99.99999872843425","99.99999872843425","99.99999872843425","100","100","100","99.99999872843425","99.99999872843425","99.99999872843425","99.99999872843425","99.99999872843425","99.99999872843425","98.73387145996094","98.73387145996094","98.73387145996094","100","100","100","99.99999872843425","99.99999872843425","99.99999872843425","100","100","100","100","100","100","100","100","100","100","100","100","100","100","100","100","100","100","100","100","100"
"11","0","0","0","0","0","0","2.407432436943054","2.407432436943054","2.407432436943054","5.301160633563995","5.301160633563995","5.301160633563995","0","0","0","99.99999872843425","99.99999872843425","99.99999872843425","99.99999872843425","99.99999872843425","99.99999872843425","99.99999872843425","99.99999872843425","99.99999872843425","99.99999872843425","99.99999872843425","99.99999872843425","100","100","100","99.99999872843425","99.99999872843425","99.99999872843425","100","100","100","100","100","100","100","100","100","99.99999872843425","99.99999872843425","99.99999872843425","99.99999872843425","99.99999872843425","99.99999872843425","100","100","100","99.99999872843425","99.99999872843425","99.99999872843425","99.99999872843425","99.99999872843425","99.99999872843425","99.99999872843425","99.99999872843425","99.99999872843425","100","100","100","100","100","100","100","100","100","100","100","100","100","100","100","100","100","100","100","100","100","100","100","100","100","100","100","99.99999872843425","99.99999872843425","99.99999872843425","100","100","100","99.99999872843425","99.99999872843425","99.99999872843425","99.99999872843425","99.99999872843425","99.99999872843425","98.60913721720378","98.60913721720378","98.60913721720378","100","100","100","99.99999872843425","99.99999872843425","99.99999872843425","100","100","100","100","100","100","100","100","100","100","100","100","100","100","100","100","100","100","100","100","100"
"12","0","0","0","0","0","0","2.908950239419937","2.908950239419937","2.908950239419937","6.1582266092300415","6.1582266092300415","6.1582266092300415","0","0","0","99.99999872843425","99.99999872843425","99.99999872843425","99.99999872843425","99.99999872843425","99.99999872843425","99.99999872843425","99.99999872843425","99.99999872843425","99.99999872843425","99.99999872843425","99.99999872843425","100","100","100","99.99999872843425","99.99999872843425","99.99999872843425","100","100","100","100","100","100","100","100","100","99.99999872843425","99.99999872843425","99.99999872843425","99.99999872843425","99.99999872843425","99.99999872843425","100","100","100","99.99999872843425","99.99999872843425","99.99999872843425","99.99999872843425","99.99999872843425","99.99999872843425","99.99999872843425","99.99999872843425","99.99999872843425","100","100","100","100","100","100","100","100","100","100","100","100","100","100","100","100","100","100","100","100","100","100","100","100","100","100","100","99.99999872843425","99.99999872843425","99.99999872843425","100","100","100","99.99999872843425","99.99999872843425","99.99999872843425","99.99999872843425","99.99999872843425","99.99999872843425","98.4193000793457","98.4193000793457","98.4193000793457","100","100","100","99.99999872843425","99.99999872843425","99.99999872843425","100","100","100","100","100","100","100","100","100","100","100","100","100","100","100","100","100","100","100","100","100"
"13","0","0","0","0","0","0","3.3006047308444977","3.3006047308444977","3.3006047308444977","7.561079263687134","7.561079263687134","7.561079263687134","0","0","0","99.99999872843425","99.99999872843425","99.99999872843425","99.99999872843425","99.99999872843425","99.99999872843425","99.99999872843425","99.99999872843425","99.99999872843425","99.99999872843425","99.99999872843425","99.99999872843425","100","100","100","99.99999872843425","99.99999872843425","99.99999872843425","100","100","100","100","100","100","100","100","100","99.99999872843425","99.99999872843425","99.99999872843425","99.99999872843425","99.99999872843425","99.99999872843425","100","100","100","99.99999872843425","99.99999872843425","99.99999872843425","99.99999872843425","99.99999872843425","99.99999872843425","99.99999872843425","99.99999872843425","99.99999872843425","100","100","100","100","100","100","100","100","100","100","100","100","100","100","100","100","100","100","100","100","100","100","100","100","100","100","100","99.99999872843425","99.99999872843425","99.99999872843425","100","100","100","99.99999872843425","99.99999872843425","99.99999872843425","99.99999872843425","99.99999872843425","99.99999872843425","98.369140625","98.369140625","98.369140625","100","100","100","99.99999872843425","99.99999872843425","99.99999872843425","100","100","100","100","100","100","100","100","100","100","100","100","100","100","100","100","100","100","100","100","100"
"14","0","0","0","0","0","0","3.5330531299114227","3.5330531299114227","3.5330531299114227","8.249305725097656","8.249305725097656","8.249305725097656","0","0","0","99.99999872843425","99.99999872843425","99.99999872843425","99.99999872843425","99.99999872843425","99.99999872843425","99.99999872843425","99.99999872843425","99.99999872843425","99.99999872843425","99.99999872843425","99.99999872843425","100","100","100","99.99999872843425","99.99999872843425","99.99999872843425","100","100","100","100","100","100","100","100","100","99.99999872843425","99.99999872843425","99.99999872843425","99.99999872843425","99.99999872843425","99.99999872843425","100","100","100","99.99999872843425","99.99999872843425","99.99999872843425","99.99999872843425","99.99999872843425","99.99999872843425","99.99999872843425","99.99999872843425","99.99999872843425","100","100","100","100","100","100","100","100","100","100","100","100","100","100","100","100","100","100","100","100","100","100","100","100","100","100","100","99.99999872843425","99.99999872843425","99.99999872843425","100","100","100","99.99999872843425","99.99999872843425","99.99999872843425","99.99999872843425","99.99999872843425","99.99999872843425","98.31764856974284","98.31764856974284","98.31764856974284","100","100","100","99.99999872843425","99.99999872843425","99.99999872843425","100","100","100","100","100","100","100","100","100","100","100","100","100","100","100","100","100","100","100","100","100"
"15","0","0","0","0","0","0","4.085458040237427","4.085458040237427","4.085458040237427","11.527555465698242","11.527555465698242","11.527555465698242","0","0","0","99.99999872843425","99.99999872843425","99.99999872843425","99.99999872843425","99.99999872843425","99.99999872843425","99.99999872843425","99.99999872843425","99.99999872843425","99.99999872843425","99.99999872843425","99.99999872843425","100","100","100","99.99999872843425","99.99999872843425","99.99999872843425","100","100","100","100","100","100","100","100","100","99.99999872843425","99.99999872843425","99.99999872843425","99.99999872843425","99.99999872843425","99.99999872843425","100","100","100","99.99999872843425","99.99999872843425","99.99999872843425","99.99999872843425","99.99999872843425","99.99999872843425","99.99999872843425","99.99999872843425","99.99999872843425","100","100","100","100","100","100","100","100","100","100","100","100","100","100","100","100","100","100","100","100","100","100","100","100","100","100","100","99.99999872843425","99.99999872843425","99.99999872843425","100","100","100","99.99999872843425","99.99999872843425","99.99999872843425","99.99999872843425","99.99999872843425","99.99999872843425","98.27695846557617","98.27695846557617","98.27695846557617","100","100","100","99.99999872843425","99.99999872843425","99.99999872843425","100","100","100","100","100","100","100","100","100","100","100","100","100","100","100","100","100","100","100","100","100"
"16","0","0","0","0","0","0","4.060014426708221","4.060014426708221","4.060014426708221","11.661318182945251","11.661318182945251","11.661318182945251","0","0","0","99.99999872843425","99.99999872843425","99.99999872843425","99.99999872843425","99.99999872843425","99.99999872843425","99.99999872843425","99.99999872843425","99.99999872843425","99.99999872843425","99.99999872843425","99.99999872843425","100","100","100","99.99999872843425","99.99999872843425","99.99999872843425","100","100","100","100","100","100","100","100","100","99.99999872843425","99.99999872843425","99.99999872843425","99.99999872843425","99.99999872843425","99.99999872843425","100","100","100","99.99999872843425","99.99999872843425","99.99999872843425","99.99999872843425","99.99999872843425","99.99999872843425","99.99999872843425","99.99999872843425","99.99999872843425","100","100","100","100","100","100","100","100","100","100","100","100","100","100","100","99.9336649576823","99.9336649576823","99.9336649576823","100","100","100","100","100","100","100","100","100","99.99999872843425","99.99999872843425","99.99999872843425","100","100","100","99.99999872843425","99.99999872843425","99.99999872843425","99.99999872843425","99.99999872843425","99.99999872843425","98.03562927246094","98.03562927246094","98.03562927246094","100","100","100","99.99999872843425","99.99999872843425","99.99999872843425","100","100","100","100","100","100","100","100","100","100","100","100","100","100","100","100","100","100","100","100","100"
"17","0","0","0","0","0","0","4.072221457958221","4.072221457958221","4.072221457958221","14.378485441207886","14.378485441207886","14.378485441207886","0","0","0","99.99999872843425","99.99999872843425","99.99999872843425","99.99999872843425","99.99999872843425","99.99999872843425","99.99999872843425","99.99999872843425","99.99999872843425","99.99999872843425","99.99999872843425","99.99999872843425","100","100","100","99.99999872843425","99.99999872843425","99.99999872843425","100","100","100","100","100","100","100","100","100","99.99999872843425","99.99999872843425","99.99999872843425","99.99999872843425","99.99999872843425","99.99999872843425","100","100","100","99.99999872843425","99.99999872843425","99.99999872843425","99.99999872843425","99.99999872843425","99.99999872843425","99.99999872843425","99.99999872843425","99.99999872843425","100","100","100","100","100","100","100","100","100","100","100","100","100","100","100","99.98372395833333","99.98372395833333","99.98372395833333","100","100","100","100","100","100","100","100","100","99.99999872843425","99.99999872843425","99.99999872843425","100","100","100","99.99999872843425","99.99999872843425","99.99999872843425","99.99999872843425","99.99999872843425","99.99999872843425","98.21866099039714","98.21866099039714","98.21866099039714","100","100","100","99.99999872843425","99.99999872843425","99.99999872843425","100","100","100","100","100","100","99.94994099934895","99.94994099934895","99.94994099934895","100","100","100","100","100","100","100","100","100","100","100","100"
"18","0","0","0","0","0","0","47.928260803222656","47.928260803222656","47.928260803222656","0","0","0","0","0","0","99.99999872843425","99.99999872843425","99.99999872843425","99.99999872843425","99.99999872843425","99.99999872843425","99.99999872843425","99.99999872843425","99.99999872843425","99.99999872843425","99.99999872843425","99.99999872843425","100","100","100","99.99999872843425","99.99999872843425","99.99999872843425","100","100","100","100","100","100","100","100","100","99.99999872843425","99.99999872843425","99.99999872843425","99.99999872843425","99.99999872843425","99.99999872843425","100","100","100","99.99999872843425","99.99999872843425","99.99999872843425","99.99999872843425","99.99999872843425","99.99999872843425","99.99999872843425","99.99999872843425","99.99999872843425","100","100","100","100","100","100","100","100","100","100","100","100","100","100","100","100","100","100","100","100","100","100","100","100","100","100","100","99.99999872843425","99.99999872843425","99.99999872843425","100","100","100","99.99999872843425","99.99999872843425","99.99999872843425","99.99999872843425","99.99999872843425","99.99999872843425","98.1616948445638","98.1616948445638","98.1616948445638","100","100","100","99.99999872843425","99.99999872843425","99.99999872843425","100","100","100","100","100","100","100","100","100","100","100","100","100","100","100","100","100","100","100","100","100"
"19","0","0","0","0","0","0","0.34892989695072174","0.34892989695072174","0.34892989695072174","0","0","0","0","0","0","99.99999872843425","99.99999872843425","99.99999872843425","99.99999872843425","99.99999872843425","99.99999872843425","99.99999872843425","99.99999872843425","99.99999872843425","99.99999872843425","99.99999872843425","99.99999872843425","100","100","100","99.99999872843425","99.99999872843425","99.99999872843425","100","100","100","100","100","100","100","100","100","99.99999872843425","99.99999872843425","99.99999872843425","99.99999872843425","99.99999872843425","99.99999872843425","100","100","100","99.99999872843425","99.99999872843425","99.99999872843425","99.99999872843425","99.99999872843425","99.99999872843425","99.99999872843425","99.99999872843425","99.99999872843425","100","100","100","100","100","100","100","100","100","100","100","100","100","100","100","100","100","100","100","100","100","100","100","100","100","100","100","99.99999872843425","99.99999872843425","99.99999872843425","100","100","100","99.99999872843425","99.99999872843425","99.99999872843425","99.99999872843425","99.99999872843425","99.99999872843425","98.10206476847331","98.10206476847331","98.10206476847331","100","100","100","99.99999872843425","99.99999872843425","99.99999872843425","100","100","100","100","100","100","100","100","100","100","100","100","100","100","100","100","100","100","100","100","100"
"20","0","0","0","0","0","0","0.18362022191286087","0.18362022191286087","0.18362022191286087","0","0","0","0","0","0","99.99999872843425","99.99999872843425","99.99999872843425","99.99999872843425","99.99999872843425","99.99999872843425","99.99999872843425","99.99999872843425","99.99999872843425","99.99999872843425","99.99999872843425","99.99999872843425","100","100","100","99.99999872843425","99.99999872843425","99.99999872843425","100","100","100","100","100","100","100","100","100","99.99999872843425","99.99999872843425","99.99999872843425","99.99999872843425","99.99999872843425","99.99999872843425","100","100","100","99.99999872843425","99.99999872843425","99.99999872843425","99.99999872843425","99.99999872843425","99.99999872843425","99.99999872843425","99.99999872843425","99.99999872843425","100","100","100","100","100","100","100","100","100","100","100","100","100","100","100","100","100","100","100","100","100","100","100","100","100","100","100","99.99999872843425","99.99999872843425","99.99999872843425","100","100","100","99.99999872843425","99.99999872843425","99.99999872843425","99.99999872843425","99.99999872843425","99.99999872843425","98.08578872680664","98.08578872680664","98.08578872680664","100","100","100","99.99999872843425","99.99999872843425","99.99999872843425","100","100","100","100","100","100","100","100","100","100","100","100","100","100","100","100","100","100","100","100","100"
"21","0","0","0","0","0","0","0.16530967503786087","0.16530967503786087","0.16530967503786087","0","0","0","0","0","0","99.99999872843425","99.99999872843425","99.99999872843425","99.99999872843425","99.99999872843425","99.99999872843425","99.99999872843425","99.99999872843425","99.99999872843425","99.99999872843425","99.99999872843425","99.99999872843425","100","100","100","99.99999872843425","99.99999872843425","99.99999872843425","100","100","100","100","100","100","100","100","100","99.99999872843425","99.99999872843425","99.99999872843425","99.99999872843425","99.99999872843425","99.99999872843425","100","100","100","99.99999872843425","99.99999872843425","99.99999872843425","99.99999872843425","99.99999872843425","99.99999872843425","99.99999872843425","99.99999872843425","99.99999872843425","100","100","100","100","100","100","100","100","100","100","100","100","100","100","100","100","100","100","100","100","100","100","100","100","100","100","100","99.99999872843425","99.99999872843425","99.99999872843425","100","100","100","99.99999872843425","99.99999872843425","99.99999872843425","99.99999872843425","99.99999872843425","99.99999872843425","97.88781356811523","97.88781356811523","97.88781356811523","100","100","100","99.99999872843425","99.99999872843425","99.99999872843425","100","100","100","100","100","100","100","100","100","100","100","100","100","100","100","100","100","100","100","100","100"
"22","0","0","0","0","0","0","0.18972373753786087","0.18972373753786087","0.18972373753786087","0","0","0","0","0","0","99.99999872843425","99.99999872843425","99.99999872843425","99.99999872843425","99.99999872843425","99.99999872843425","99.99999872843425","99.99999872843425","99.99999872843425","99.99999872843425","99.99999872843425","99.99999872843425","100","100","100","0","0","0","100","100","100","100","100","100","100","100","100","99.99999872843425","99.99999872843425","99.99999872843425","99.99999872843425","99.99999872843425","99.99999872843425","100","100","100","99.99999872843425","99.99999872843425","99.99999872843425","99.99999872843425","99.99999872843425","99.99999872843425","99.99999872843425","99.99999872843425","99.99999872843425","100","100","100","100","100","100","100","100","100","100","100","100","100","100","100","100","100","100","100","100","100","100","100","100","100","100","100","99.99999872843425","99.99999872843425","99.99999872843425","100","100","100","99.99999872843425","99.99999872843425","99.99999872843425","99.99999872843425","99.99999872843425","99.99999872843425","97.97866312662761","97.97866312662761","97.97866312662761","100","100","100","99.99999872843425","99.99999872843425","99.99999872843425","100","100","100","100","100","100","100","100","100","100","100","100","100","100","100","100","100","100","99.1965560913086","99.1965560913086","99.1965560913086"
"23","0","0","0","0","0","0","0.29399825632572174","0.29399825632572174","0.29399825632572174","0","0","0","0","0","0","99.99999872843425","99.99999872843425","99.99999872843425","99.99999872843425","99.99999872843425","99.99999872843425","99.99999872843425","99.99999872843425","99.99999872843425","99.99999872843425","99.99999872843425","99.99999872843425","100","100","100","99.99999872843425","99.99999872843425","99.99999872843425","100","100","100","100","100","100","100","100","100","99.99999872843425","99.99999872843425","99.99999872843425","99.99999872843425","99.99999872843425","99.99999872843425","100","100","100","99.99999872843425","99.99999872843425","99.99999872843425","99.99999872843425","99.99999872843425","99.99999872843425","99.99999872843425","99.99999872843425","99.99999872843425","100","100","100","100","100","100","100","100","100","100","100","100","100","100","100","100","100","100","100","100","100","100","100","100","100","100","100","99.99999872843425","99.99999872843425","99.99999872843425","100","100","100","99.99999872843425","99.99999872843425","99.99999872843425","99.99999872843425","99.99999872843425","99.99999872843425","98.01254653930664","98.01254653930664","98.01254653930664","100","100","100","99.99999872843425","99.99999872843425","99.99999872843425","100","100","100","100","100","100","100","100","100","100","100","100","100","100","100","100","100","100","100","100","100"
"24","0","0","0","0","0","0","0.3250305876135826","0.3250305876135826","0.3250305876135826","0","0","0","0","0","0","99.99999872843425","99.99999872843425","99.99999872843425","99.99999872843425","99.99999872843425","99.99999872843425","99.99999872843425","99.99999872843425","99.99999872843425","99.99999872843425","99.99999872843425","99.99999872843425","100","100","100","99.99999872843425","99.99999872843425","99.99999872843425","100","100","100","100","100","100","100","100","100","99.99999872843425","99.99999872843425","99.99999872843425","99.99999872843425","99.99999872843425","99.99999872843425","100","100","100","99.99999872843425","99.99999872843425","99.99999872843425","99.99999872843425","99.99999872843425","99.99999872843425","99.99999872843425","99.99999872843425","99.99999872843425","100","100","100","100","100","100","100","100","100","100","100","100","100","100","100","100","100","100","100","100","100","100","100","100","0","0","0","99.99999872843425","99.99999872843425","99.99999872843425","100","100","100","99.99999872843425","99.99999872843425","99.99999872843425","99.99999872843425","99.99999872843425","99.99999872843425","98.00307718912761","98.00307718912761","98.00307718912761","100","100","100","99.99999872843425","99.99999872843425","99.99999872843425","100","100","100","100","100","100","100","100","100","100","100","100","100","100","100","100","100","100","100","100","100"
"25","0","0","0","0","0","0","0.5152690783143044","0.5152690783143044","0.5152690783143044","0","0","0","0","0","0","99.99999872843425","99.99999872843425","99.99999872843425","99.99999872843425","99.99999872843425","99.99999872843425","99.99999872843425","99.99999872843425","99.99999872843425","99.99999872843425","99.99999872843425","99.99999872843425","100","100","100","99.99999872843425","99.99999872843425","99.99999872843425","100","100","100","100","100","100","100","100","100","99.99999872843425","99.99999872843425","99.99999872843425","99.99999872843425","99.99999872843425","99.99999872843425","100","100","100","99.99999872843425","99.99999872843425","99.99999872843425","99.99999872843425","99.99999872843425","99.99999872843425","99.99999872843425","99.99999872843425","99.99999872843425","100","100","100","100","100","100","100","100","100","100","100","100","100","100","100","100","100","100","100","100","100","100","100","100","100","100","100","99.99999872843425","99.99999872843425","99.99999872843425","100","100","100","99.99999872843425","99.99999872843425","99.99999872843425","99.99999872843425","99.99999872843425","99.99999872843425","97.91355895996094","97.91355895996094","97.91355895996094","100","100","100","99.99999872843425","99.99999872843425","99.99999872843425","100","100","100","100","100","100","100","100","100","100","100","100","100","100","100","100","100","100","100","100","100"
"26","0","0","0","0","0","0","0.6983745470643044","0.6983745470643044","0.6983745470643044","0","0","0","0","0","0","99.99999872843425","99.99999872843425","99.99999872843425","99.99999872843425","99.99999872843425","99.99999872843425","99.99999872843425","99.99999872843425","99.99999872843425","99.99999872843425","99.99999872843425","99.99999872843425","100","100","100","99.99999872843425","99.99999872843425","99.99999872843425","100","100","100","100","100","100","100","100","100","99.99999872843425","99.99999872843425","99.99999872843425","99.99999872843425","99.99999872843425","99.99999872843425","100","100","100","99.99999872843425","99.99999872843425","99.99999872843425","99.99999872843425","99.99999872843425","99.99999872843425","99.99999872843425","99.99999872843425","99.99999872843425","100","100","100","100","100","100","100","100","100","100","100","100","100","100","100","100","100","100","100","100","100","100","100","100","100","100","100","99.99999872843425","99.99999872843425","99.99999872843425","100","100","100","99.99999872843425","99.99999872843425","99.99999872843425","99.99999872843425","99.99999872843425","99.99999872843425","97.73733393351237","97.73733393351237","97.73733393351237","100","100","100","99.99999872843425","99.99999872843425","99.99999872843425","100","100","100","100","100","100","100","100","100","100","100","100","100","100","100","100","100","100","100","100","100"
"27","0","0","0","0","0","0","1.0106833577156067","1.0106833577156067","1.0106833577156067","0","0","0","0","0","0","99.99999872843425","99.99999872843425","99.99999872843425","99.99999872843425","99.99999872843425","99.99999872843425","99.99999872843425","99.99999872843425","99.99999872843425","99.99999872843425","99.99999872843425","99.99999872843425","100","100","100","99.99999872843425","99.99999872843425","99.99999872843425","100","100","100","100","100","100","100","100","100","99.99999872843425","99.99999872843425","99.99999872843425","99.99999872843425","99.99999872843425","99.99999872843425","100","100","100","99.99999872843425","99.99999872843425","99.99999872843425","99.99999872843425","99.99999872843425","99.99999872843425","99.99999872843425","99.99999872843425","99.99999872843425","100","100","100","100","100","100","100","100","100","100","100","100","100","100","100","100","100","100","100","100","100","100","100","100","100","100","100","99.99999872843425","99.99999872843425","99.99999872843425","100","100","100","99.99999872843425","99.99999872843425","99.99999872843425","99.99999872843425","99.99999872843425","99.99999872843425","97.96371841430664","97.96371841430664","97.96371841430664","100","100","100","99.99999872843425","99.99999872843425","99.99999872843425","100","100","100","100","100","100","100","100","100","100","100","100","100","100","100","100","100","100","100","100","100"
"28","0","0","0","0","0","0","1.3418174535036087","1.3418174535036087","1.3418174535036087","0","0","0","0","0","0","99.99999872843425","99.99999872843425","99.99999872843425","99.99999872843425","99.99999872843425","99.99999872843425","99.99999872843425","99.99999872843425","99.99999872843425","99.99999872843425","99.99999872843425","99.99999872843425","100","100","100","99.99999872843425","99.99999872843425","99.99999872843425","100","100","100","100","100","100","100","100","100","99.99999872843425","99.99999872843425","99.99999872843425","99.99999872843425","99.99999872843425","99.99999872843425","100","100","100","99.99999872843425","99.99999872843425","99.99999872843425","99.99999872843425","99.99999872843425","99.99999872843425","99.99999872843425","99.99999872843425","99.99999872843425","100","100","100","100","100","100","100","100","100","100","100","100","100","100","100","100","100","100","100","100","100","100","100","100","100","100","100","99.99999872843425","99.99999872843425","99.99999872843425","100","100","100","99.99999872843425","99.99999872843425","99.99999872843425","99.99999872843425","99.99999872843425","99.99999872843425","97.39435323079427","97.39435323079427","97.39435323079427","100","100","100","99.99999872843425","99.99999872843425","99.99999872843425","100","100","100","100","100","100","100","100","100","100","100","100","100","100","100","100","100","100","100","100","100"
"29","0","0","0","0","0","0","1.249235212802887","1.249235212802887","1.249235212802887","0","0","0","0","0","0","99.99999872843425","99.99999872843425","99.99999872843425","99.99999872843425","99.99999872843425","99.99999872843425","99.99999872843425","99.99999872843425","99.99999872843425","99.99999872843425","99.99999872843425","99.99999872843425","100","100","100","99.99999872843425","99.99999872843425","99.99999872843425","100","100","100","100","100","100","100","100","100","99.99999872843425","99.99999872843425","99.99999872843425","99.99999872843425","99.99999872843425","99.99999872843425","100","100","100","99.99999872843425","99.99999872843425","99.99999872843425","99.99999872843425","99.99999872843425","99.99999872843425","99.99999872843425","99.99999872843425","99.99999872843425","100","100","100","100","100","100","100","100","100","100","100","100","100","100","100","100","100","100","100","100","100","100","100","100","100","100","100","99.99999872843425","99.99999872843425","99.99999872843425","100","100","100","99.99999872843425","99.99999872843425","99.99999872843425","99.99999872843425","99.99999872843425","99.99999872843425","97.97185643513997","97.97185643513997","97.97185643513997","100","100","100","99.99999872843425","99.99999872843425","99.99999872843425","100","100","100","100","100","100","100","100","100","100","100","100","100","100","100","100","100","100","100","100","100"
"30","0","0","0","0","0","0","0","0","0","0","0","0","0","0","0","99.99999872843425","99.99999872843425","99.99999872843425","99.99999872843425","99.99999872843425","99.99999872843425","99.99999872843425","99.99999872843425","99.99999872843425","99.99999872843425","99.99999872843425","99.99999872843425","100","100","100","99.99999872843425","99.99999872843425","99.99999872843425","100","100","100","100","100","100","100","100","100","99.99999872843425","99.99999872843425","99.99999872843425","99.99999872843425","99.99999872843425","99.99999872843425","100","100","100","99.99999872843425","99.99999872843425","99.99999872843425","99.99999872843425","99.99999872843425","99.99999872843425","99.99999872843425","99.99999872843425","99.99999872843425","100","100","100","100","100","100","100","100","100","100","100","100","100","100","100","100","100","100","100","100","100","100","100","100","100","100","100","99.99999872843425","99.99999872843425","99.99999872843425","100","100","100","99.99999872843425","99.99999872843425","99.99999872843425","99.99999872843425","99.99999872843425","99.99999872843425","97.71158854166667","97.71158854166667","97.71158854166667","100","100","100","99.99999872843425","99.99999872843425","99.99999872843425","100","100","100","100","100","100","100","100","100","100","100","100","100","100","100","100","100","100","100","100","100"
"31","0","0","0","0","0","0","0.01220703125","0.01220703125","0.01220703125","0","0","0","0","0","0","99.99999872843425","99.99999872843425","99.99999872843425","99.99999872843425","99.99999872843425","99.99999872843425","99.99999872843425","99.99999872843425","99.99999872843425","99.99999872843425","99.99999872843425","99.99999872843425","100","100","100","99.99999872843425","99.99999872843425","99.99999872843425","100","100","100","100","100","100","100","100","100","99.99999872843425","99.99999872843425","99.99999872843425","99.99999872843425","99.99999872843425","99.99999872843425","100","100","100","99.99999872843425","99.99999872843425","99.99999872843425","99.99999872843425","99.99999872843425","99.99999872843425","99.99999872843425","99.99999872843425","99.99999872843425","100","100","100","100","100","100","98.20156606038411","98.20156606038411","98.20156606038411","100","100","100","100","100","100","100","100","100","100","100","100","100","100","100","100","100","100","99.99999872843425","99.99999872843425","99.99999872843425","100","100","100","99.99999872843425","99.99999872843425","99.99999872843425","99.99999872843425","99.99999872843425","99.99999872843425","0","0","0","100","100","100","99.99999872843425","99.99999872843425","99.99999872843425","100","100","100","100","100","100","100","100","100","100","100","100","100","100","100","100","100","100","100","100","100"
"32","0","0","0","0","0","0","0.03662109375","0.03662109375","0.03662109375","0","0","0","0","0","0","99.99999872843425","99.99999872843425","99.99999872843425","99.99999872843425","99.99999872843425","99.99999872843425","99.99999872843425","99.99999872843425","99.99999872843425","99.99999872843425","99.99999872843425","99.99999872843425","100","100","100","99.99999872843425","99.99999872843425","99.99999872843425","100","100","100","100","100","100","100","100","100","99.99999872843425","99.99999872843425","99.99999872843425","99.99999872843425","99.99999872843425","99.99999872843425","100","100","100","99.99999872843425","99.99999872843425","99.99999872843425","99.99999872843425","99.99999872843425","99.99999872843425","99.99999872843425","99.99999872843425","99.99999872843425","100","100","100","100","100","100","100","100","100","100","100","100","100","100","100","100","100","100","100","100","100","100","100","100","100","100","100","99.99999872843425","99.99999872843425","99.99999872843425","100","100","100","99.99999872843425","99.99999872843425","99.99999872843425","99.99999872843425","99.99999872843425","99.99999872843425","97.07948557535808","97.07948557535808","97.07948557535808","100","100","100","99.99999872843425","99.99999872843425","99.99999872843425","100","100","100","100","100","100","100","100","100","100","100","100","100","100","100","100","100","100","100","100","100"
"33","0","0","0","0","0","0","0.06103515625","0.06103515625","0.06103515625","0","0","0","0","0","0","99.99999872843425","99.99999872843425","99.99999872843425","99.99999872843425","99.99999872843425","99.99999872843425","99.99999872843425","99.99999872843425","99.99999872843425","99.99999872843425","99.99999872843425","99.99999872843425","100","100","100","99.99999872843425","99.99999872843425","99.99999872843425","100","100","100","100","100","100","100","100","100","99.99999872843425","99.99999872843425","99.99999872843425","99.99999872843425","99.99999872843425","99.99999872843425","100","100","100","99.99999872843425","99.99999872843425","99.99999872843425","99.99999872843425","99.99999872843425","99.99999872843425","99.99999872843425","99.99999872843425","99.99999872843425","100","100","100","100","100","100","100","100","100","100","100","100","100","100","100","100","100","100","100","100","100","100","100","100","100","100","100","99.99999872843425","99.99999872843425","99.99999872843425","100","100","100","99.99999872843425","99.99999872843425","99.99999872843425","99.99999872843425","99.99999872843425","99.99999872843425","98.49224599202473","98.49224599202473","98.49224599202473","100","100","100","99.99999872843425","99.99999872843425","99.99999872843425","100","100","100","100","100","100","100","100","100","100","100","100","100","100","100","100","100","100","100","100","100"
"34","0","0","0","0","0","0","0.06103515625","0.06103515625","0.06103515625","0","0","0","0","0","0","99.99999872843425","99.99999872843425","99.99999872843425","99.99999872843425","99.99999872843425","99.99999872843425","99.99999872843425","99.99999872843425","99.99999872843425","99.99999872843425","99.99999872843425","99.99999872843425","100","100","100","99.99999872843425","99.99999872843425","99.99999872843425","100","100","100","100","100","100","100","100","100","99.99999872843425","99.99999872843425","99.99999872843425","99.99999872843425","99.99999872843425","99.99999872843425","100","100","100","99.99999872843425","99.99999872843425","99.99999872843425","99.99999872843425","99.99999872843425","99.99999872843425","99.99999872843425","99.99999872843425","99.99999872843425","100","100","100","100","100","100","100","100","100","100","100","100","100","100","100","100","100","100","100","100","100","100","100","100","100","100","100","99.99999872843425","99.99999872843425","99.99999872843425","100","100","100","99.99999872843425","99.99999872843425","99.99999872843425","99.99999872843425","99.99999872843425","99.99999872843425","99.21357091267903","99.21357091267903","99.21357091267903","100","100","100","99.99999872843425","99.99999872843425","99.99999872843425","100","100","100","100","100","100","100","100","100","100","100","100","100","100","100","100","100","100","100","100","100"
"35","0","0","0","0","0","0","0.09765625","0.09765625","0.09765625","0","0","0","0","0","0","99.99999872843425","99.99999872843425","99.99999872843425","99.99999872843425","99.99999872843425","99.99999872843425","99.99999872843425","99.99999872843425","99.99999872843425","99.99999872843425","99.99999872843425","99.99999872843425","100","100","100","99.99999872843425","99.99999872843425","99.99999872843425","100","100","100","100","100","100","100","100","100","99.99999872843425","99.99999872843425","99.99999872843425","99.99999872843425","99.99999872843425","99.99999872843425","100","100","100","99.99999872843425","99.99999872843425","99.99999872843425","99.99999872843425","99.99999872843425","99.99999872843425","99.99999872843425","99.99999872843425","99.99999872843425","100","100","100","100","100","100","100","100","100","100","100","100","100","100","100","100","100","100","100","100","100","100","100","100","100","100","100","99.99999872843425","99.99999872843425","99.99999872843425","100","100","100","99.99999872843425","99.99999872843425","99.99999872843425","99.99999872843425","99.99999872843425","99.99999872843425","99.67595799763997","99.67595799763997","99.67595799763997","100","100","100","99.99999872843425","99.99999872843425","99.99999872843425","100","100","100","100","100","100","100","100","100","100","100","100","100","100","100","100","100","100","100","100","100"
"36","0","0","0","0","0","0","0.0732421875","0.0732421875","0.0732421875","0","0","0","0","0","0","99.99999872843425","99.99999872843425","99.99999872843425","99.99999872843425","99.99999872843425","99.99999872843425","99.99999872843425","99.99999872843425","99.99999872843425","99.99999872843425","99.99999872843425","99.99999872843425","100","100","100","99.99999872843425","99.99999872843425","99.99999872843425","100","100","100","100","100","100","100","100","100","99.99999872843425","99.99999872843425","99.99999872843425","99.99999872843425","99.99999872843425","99.99999872843425","100","100","100","99.99999872843425","99.99999872843425","99.99999872843425","99.99999872843425","99.99999872843425","99.99999872843425","99.99999872843425","99.99999872843425","99.99999872843425","100","100","100","100","100","100","100","100","100","100","100","100","100","100","100","100","100","100","100","100","100","100","100","100","100","100","100","99.99999872843425","99.99999872843425","99.99999872843425","100","100","100","99.99999872843425","99.99999872843425","99.99999872843425","99.99999872843425","99.99999872843425","99.99999872843425","99.71664810180664","99.71664810180664","99.71664810180664","100","100","100","99.99999872843425","99.99999872843425","99.99999872843425","100","100","100","100","100","100","100","100","100","100","100","100","100","100","100","100","100","100","100","100","100"
"37","0","0","0","0","0","0","0.054931640625","0.054931640625","0.054931640625","0","0","0","0","0","0","99.99999872843425","99.99999872843425","99.99999872843425","99.99999872843425","99.99999872843425","99.99999872843425","99.99999872843425","99.99999872843425","99.99999872843425","99.99999872843425","99.99999872843425","99.99999872843425","100","100","100","99.99999872843425","99.99999872843425","99.99999872843425","100","100","100","100","100","100","100","100","100","99.99999872843425","99.99999872843425","99.99999872843425","99.99999872843425","99.99999872843425","99.99999872843425","100","100","100","99.99999872843425","99.99999872843425","99.99999872843425","99.99999872843425","99.99999872843425","99.99999872843425","99.99999872843425","99.99999872843425","99.99999872843425","100","100","100","100","100","100","100","100","100","100","100","100","100","100","100","100","100","100","100","100","100","100","100","100","100","100","100","99.9172871907552","99.9172871907552","99.9172871907552","100","100","100","99.99999872843425","99.99999872843425","99.99999872843425","99.99999872843425","99.99999872843425","99.99999872843425","99.70037206013997","99.70037206013997","99.70037206013997","100","100","100","99.99999872843425","99.99999872843425","99.99999872843425","100","100","100","100","100","100","100","100","100","100","100","100","100","100","100","100","100","100","100","100","100"
"38","0","0","0","0","0","0","0.06103515625","0.06103515625","0.06103515625","0","0","0","0","0","0","99.99999872843425","99.99999872843425","99.99999872843425","99.99999872843425","99.99999872843425","99.99999872843425","99.99999872843425","99.99999872843425","99.99999872843425","99.99999872843425","99.99999872843425","99.99999872843425","100","100","100","99.99999872843425","99.99999872843425","99.99999872843425","100","100","100","100","100","100","100","100","100","99.99999872843425","99.99999872843425","99.99999872843425","99.99999872843425","99.99999872843425","99.99999872843425","100","100","100","99.99999872843425","99.99999872843425","99.99999872843425","99.99999872843425","99.99999872843425","99.99999872843425","99.99999872843425","99.99999872843425","99.99999872843425","100","100","100","100","100","100","100","100","100","100","100","100","100","100","100","100","100","100","100","100","100","100","100","100","100","100","100","99.85898971557617","99.85898971557617","99.85898971557617","100","100","100","99.99999872843425","99.99999872843425","99.99999872843425","99.99999872843425","99.99999872843425","99.99999872843425","99.69223403930664","99.69223403930664","99.69223403930664","100","100","100","99.99999872843425","99.99999872843425","99.99999872843425","100","100","100","100","100","100","100","100","100","100","100","100","100","100","100","100","100","100","100","100","100"
"39","0","0","0","0","0","0","0.042724609375","0.042724609375","0.042724609375","0","0","0","0","0","0","99.99999872843425","99.99999872843425","99.99999872843425","99.99999872843425","99.99999872843425","99.99999872843425","99.99999872843425","99.99999872843425","99.99999872843425","99.99999872843425","99.99999872843425","99.99999872843425","100","100","100","99.99999872843425","99.99999872843425","99.99999872843425","100","100","100","100","100","100","100","100","100","99.99999872843425","99.99999872843425","99.99999872843425","99.99999872843425","99.99999872843425","99.99999872843425","100","100","100","99.99999872843425","99.99999872843425","99.99999872843425","99.99999872843425","99.99999872843425","99.99999872843425","99.99999872843425","99.99999872843425","99.99999872843425","100","100","100","100","100","100","100","100","100","100","100","100","100","100","100","100","100","100","100","100","100","100","100","100","100","100","100","99.79935963948567","99.79935963948567","99.79935963948567","100","100","100","99.99999872843425","99.99999872843425","99.99999872843425","99.99999872843425","99.99999872843425","99.99999872843425","99.59457778930664","99.59457778930664","99.59457778930664","12.89185619354248","12.89185619354248","12.89185619354248","99.99999872843425","99.99999872843425","99.99999872843425","100","100","100","100","100","100","100","100","100","100","100","100","100","100","100","100","100","100","100","100","100"
"40","0","0","0","0","0","0","0.03662109375","0.03662109375","0.03662109375","0","0","0","0","0","0","99.99999872843425","99.99999872843425","99.99999872843425","99.99999872843425","99.99999872843425","99.99999872843425","99.99999872843425","99.99999872843425","99.99999872843425","99.99999872843425","99.99999872843425","99.99999872843425","100","100","100","99.99999872843425","99.99999872843425","99.99999872843425","100","100","100","100","100","100","100","100","100","99.99999872843425","99.99999872843425","99.99999872843425","99.99999872843425","99.99999872843425","99.99999872843425","100","100","100","99.99999872843425","99.99999872843425","99.99999872843425","99.99999872843425","99.99999872843425","99.99999872843425","99.99999872843425","99.99999872843425","99.99999872843425","100","100","100","100","100","100","100","100","100","100","100","100","100","100","100","100","100","100","100","100","100","100","100","100","100","100","100","99.78308359781902","99.78308359781902","99.78308359781902","100","100","100","99.99999872843425","99.99999872843425","99.99999872843425","99.99999872843425","99.99999872843425","99.99999872843425","99.63526789347331","99.63526789347331","99.63526789347331","100","100","100","99.99999872843425","99.99999872843425","99.99999872843425","100","100","100","100","100","100","100","100","100","100","100","100","100","100","100","100","100","100","100","100","100"
"41","0","0","0","0","0","0","0.0244140625","0.0244140625","0.0244140625","0","0","0","0","0","0","99.99999872843425","99.99999872843425","99.99999872843425","99.99999872843425","99.99999872843425","99.99999872843425","99.99999872843425","99.99999872843425","99.99999872843425","99.99999872843425","99.99999872843425","99.99999872843425","100","100","100","99.99999872843425","99.99999872843425","99.99999872843425","100","100","100","100","100","100","100","100","100","99.99999872843425","99.99999872843425","99.99999872843425","99.99999872843425","99.99999872843425","99.99999872843425","100","100","100","99.99999872843425","99.99999872843425","99.99999872843425","99.99999872843425","99.99999872843425","99.99999872843425","99.99999872843425","99.99999872843425","99.99999872843425","100","100","100","100","100","100","100","100","100","100","100","100","100","100","100","100","100","100","100","100","100","100","100","100","100","100","100","99.75053151448567","99.75053151448567","99.75053151448567","100","100","100","99.99999872843425","99.99999872843425","99.99999872843425","99.99999872843425","99.99999872843425","99.99999872843425","99.57016372680664","99.57016372680664","99.57016372680664","100","100","100","68.8417371114095","68.8417371114095","68.8417371114095","100","100","100","100","100","100","100","100","100","100","100","100","100","100","100","100","100","100","100","100","100"
"42","0","0","0","0","0","0","0.030517578125","0.030517578125","0.030517578125","0","0","0","0","0","0","99.99999872843425","99.99999872843425","99.99999872843425","99.99999872843425","99.99999872843425","99.99999872843425","99.99999872843425","99.99999872843425","99.99999872843425","99.99999872843425","99.99999872843425","99.99999872843425","100","100","100","99.99999872843425","99.99999872843425","99.99999872843425","100","100","100","100","100","100","100","100","100","99.99999872843425","99.99999872843425","99.99999872843425","99.99999872843425","99.99999872843425","99.99999872843425","100","100","100","99.99999872843425","99.99999872843425","99.99999872843425","99.99999872843425","99.99999872843425","99.99999872843425","99.99999872843425","99.99999872843425","99.99999872843425","100","100","100","100","100","100","100","100","100","100","100","100","100","100","100","100","100","100","99.51763661702473","99.51763661702473","99.51763661702473","100","100","100","100","100","100","99.66781997680664","99.66781997680664","99.66781997680664","100","100","100","99.99999872843425","99.99999872843425","99.99999872843425","99.99999872843425","99.99999872843425","99.99999872843425","99.52814229329427","99.52814229329427","99.52814229329427","100","100","100","83.80030695597331","83.80030695597331","83.80030695597331","100","100","100","100","100","100","100","100","100","100","100","100","100","100","100","100","100","100","100","100","100"
"43","0","0","0","0","0","0","0.03662109375","0.03662109375","0.03662109375","0","0","0","0","0","0","99.99999872843425","99.99999872843425","99.99999872843425","99.99999872843425","99.99999872843425","99.99999872843425","99.99999872843425","99.99999872843425","99.99999872843425","99.99999872843425","99.99999872843425","99.99999872843425","100","100","100","99.99999872843425","99.99999872843425","99.99999872843425","100","100","100","100","100","100","100","100","100","99.99999872843425","99.99999872843425","99.99999872843425","99.99999872843425","99.99999872843425","99.99999872843425","100","100","100","99.99999872843425","99.99999872843425","99.99999872843425","99.99999872843425","99.99999872843425","99.99999872843425","99.99999872843425","99.99999872843425","99.99999872843425","100","100","100","100","100","100","100","100","100","100","100","100","100","100","100","100","100","100","99.7750956217448","99.7750956217448","99.7750956217448","100","100","100","100","100","100","99.56069437662761","99.56069437662761","99.56069437662761","100","100","100","99.99999872843425","99.99999872843425","99.99999872843425","99.99999872843425","99.99999872843425","99.99999872843425","99.46984481811523","99.46984481811523","99.46984481811523","100","100","100","89.24775060017903","89.24775060017903","89.24775060017903","100","100","100","100","100","100","100","100","100","100","100","100","100","100","100","100","100","100","100","100","100"
"44","0","0","0","0","0","0","0","0","0","0","0","0","0","0","0","99.99999872843425","99.99999872843425","99.99999872843425","99.99999872843425","99.99999872843425","99.99999872843425","99.99999872843425","99.99999872843425","99.99999872843425","99.99999872843425","99.99999872843425","99.99999872843425","100","100","100","99.99999872843425","99.99999872843425","99.99999872843425","100","100","100","100","100","100","100","100","100","99.99999872843425","99.99999872843425","99.99999872843425","99.99999872843425","99.99999872843425","99.99999872843425","100","100","100","99.99999872843425","99.99999872843425","99.99999872843425","99.99999872843425","99.99999872843425","99.99999872843425","0","0","0","100","100","100","100","100","100","100","100","100","100","100","100","100","100","100","100","100","100","99.74254353841145","99.74254353841145","99.74254353841145","100","100","100","100","100","100","99.42782211303711","99.42782211303711","99.42782211303711","100","100","100","99.99999872843425","99.99999872843425","99.99999872843425","99.99999872843425","99.99999872843425","99.99999872843425","99.65154393513997","99.65154393513997","99.65154393513997","100","100","100","95.8095105489095","95.8095105489095","95.8095105489095","100","100","100","100","100","100","100","100","100","100","100","100","100","100","100","100","100","100","100","100","100"
"45","0","0","0","0","0","0","0","0","0","0","0","0","0","0","0","99.99999872843425","99.99999872843425","99.99999872843425","99.99999872843425","99.99999872843425","99.99999872843425","99.99999872843425","99.99999872843425","99.99999872843425","99.99999872843425","99.99999872843425","99.99999872843425","100","100","100","99.99999872843425","99.99999872843425","99.99999872843425","100","100","100","100","100","100","100","100","100","99.99999872843425","99.99999872843425","99.99999872843425","99.99999872843425","99.99999872843425","99.99999872843425","100","100","100","99.99999872843425","99.99999872843425","99.99999872843425","99.99999872843425","99.99999872843425","99.99999872843425","99.99999872843425","99.99999872843425","99.99999872843425","100","100","100","100","100","100","100","100","100","100","100","100","100","100","100","100","100","100","99.7750956217448","99.7750956217448","99.7750956217448","100","100","100","100","100","100","99.45223617553711","99.45223617553711","99.45223617553711","100","100","100","99.99999872843425","99.99999872843425","99.99999872843425","99.99999872843425","99.99999872843425","99.99999872843425","0.1993075286348661","0.1993075286348661","0.1993075286348661","100","100","100","97.87952677408855","97.87952677408855","97.87952677408855","100","100","100","100","100","100","100","100","100","100","100","100","100","100","100","100","100","100","100","100","100"
"46","0","0","0","0","0","0","0","0","0","0","0","0","0","0","0","99.99999872843425","99.99999872843425","99.99999872843425","99.99999872843425","99.99999872843425","99.99999872843425","99.99999872843425","99.99999872843425","99.99999872843425","99.99999872843425","99.99999872843425","99.99999872843425","100","100","100","99.99999872843425","99.99999872843425","99.99999872843425","100","100","100","100","100","100","100","100","100","99.99999872843425","99.99999872843425","99.99999872843425","99.99999872843425","99.99999872843425","99.99999872843425","100","100","100","99.99999872843425","99.99999872843425","99.99999872843425","99.99999872843425","99.99999872843425","99.99999872843425","99.99999872843425","99.99999872843425","99.99999872843425","100","100","100","100","100","100","100","100","100","100","100","100","100","100","100","100","100","100","99.84019978841145","99.84019978841145","99.84019978841145","100","100","100","100","100","100","99.44409815470378","99.44409815470378","99.44409815470378","100","100","100","99.99999872843425","99.99999872843425","99.99999872843425","99.99999872843425","99.99999872843425","99.99999872843425","96.99973424275716","96.99973424275716","96.99973424275716","100","100","100","97.77787653605144","97.77787653605144","97.77787653605144","100","100","100","100","100","100","100","100","100","100","100","100","100","100","100","100","100","100","100","100","100"
"47","0","0","0","0","0","0","0","0","0","0","0","0","0","0","0","99.99999872843425","99.99999872843425","99.99999872843425","99.99999872843425","99.99999872843425","99.99999872843425","99.99999872843425","99.99999872843425","99.99999872843425","99.99999872843425","99.99999872843425","99.99999872843425","97.84226481119792","97.84226481119792","97.84226481119792","99.99999872843425","99.99999872843425","99.99999872843425","100","100","100","100","100","100","100","100","100","99.99999872843425","99.99999872843425","99.99999872843425","99.99999872843425","99.99999872843425","99.99999872843425","100","100","100","99.99999872843425","99.99999872843425","99.99999872843425","99.99999872843425","99.99999872843425","99.99999872843425","99.99999872843425","99.99999872843425","99.99999872843425","100","100","100","100","100","100","100","100","100","100","100","100","100","100","100","100","100","100","99.85647583007812","99.85647583007812","99.85647583007812","100","100","100","0","0","0","99.39527002970378","99.39527002970378","99.39527002970378","100","100","100","99.99999872843425","99.99999872843425","99.99999872843425","99.99999872843425","99.99999872843425","99.99999872843425","97.21531677246094","97.21531677246094","97.21531677246094","100","100","100","97.83351008097331","97.83351008097331","97.83351008097331","100","100","100","100","100","100","100","100","100","100","100","100","100","100","100","100","100","100","100","100","100"
"48","0","0","0","0","0","0","0","0","0","0","0","0","0","0","0","99.99999872843425","99.99999872843425","99.99999872843425","99.99999872843425","99.99999872843425","99.99999872843425","99.99999872843425","99.99999872843425","99.99999872843425","99.99999872843425","99.99999872843425","99.99999872843425","100","100","100","99.99999872843425","99.99999872843425","99.99999872843425","100","100","100","100","100","100","100","100","100","99.99999872843425","99.99999872843425","99.99999872843425","99.99999872843425","99.99999872843425","99.99999872843425","100","100","100","99.99999872843425","99.99999872843425","99.99999872843425","99.99999872843425","99.99999872843425","99.99999872843425","99.99999872843425","99.99999872843425","99.99999872843425","100","100","100","100","100","100","100","100","100","100","100","100","100","100","100","100","100","100","100","100","100","100","100","100","100","100","100","99.46037419637044","99.46037419637044","99.46037419637044","100","100","100","99.99999872843425","99.99999872843425","99.99999872843425","99.99999872843425","99.99999872843425","99.99999872843425","97.16648864746094","97.16648864746094","97.16648864746094","100","100","100","97.8673947652181","97.8673947652181","97.8673947652181","100","100","100","100","100","100","100","100","100","100","100","100","100","100","100","100","100","100","100","100","100"
"49","0","0","0","0","0","0","0","0","0","0","0","0","0","0","0","99.99999872843425","99.99999872843425","99.99999872843425","99.99999872843425","99.99999872843425","99.99999872843425","99.99999872843425","99.99999872843425","99.99999872843425","99.99999872843425","99.99999872843425","99.99999872843425","100","100","100","99.99999872843425","99.99999872843425","99.99999872843425","100","100","100","100","100","100","100","100","100","99.99999872843425","99.99999872843425","99.99999872843425","99.99999872843425","99.99999872843425","99.99999872843425","100","100","100","99.99999872843425","99.99999872843425","99.99999872843425","99.99999872843425","99.99999872843425","99.99999872843425","99.99999872843425","99.99999872843425","99.99999872843425","100","100","100","100","100","100","100","100","100","100","100","100","100","100","100","100","100","100","100","100","100","100","100","100","100","100","100","99.45223617553711","99.45223617553711","99.45223617553711","100","100","100","99.99999872843425","99.99999872843425","99.99999872843425","71.81433486938477","71.81433486938477","71.81433486938477","96.84525807698567","96.84525807698567","96.84525807698567","100","100","100","97.8429807027181","97.8429807027181","97.8429807027181","100","100","100","100","100","100","100","100","100","100","100","100","100","100","100","2.7388139565785727","2.7388139565785727","2.7388139565785727","100","100","100"
"50","0","0","0","0","0","0","0","0","0","0","0","0","0","0","0","99.99999872843425","99.99999872843425","99.99999872843425","99.99999872843425","99.99999872843425","99.99999872843425","99.99999872843425","99.99999872843425","99.99999872843425","99.99999872843425","99.99999872843425","99.99999872843425","100","100","100","99.99999872843425","99.99999872843425","99.99999872843425","100","100","100","100","100","100","100","100","100","99.99999872843425","99.99999872843425","99.99999872843425","99.99999872843425","99.99999872843425","99.99999872843425","100","100","100","99.99999872843425","99.99999872843425","99.99999872843425","99.99999872843425","99.99999872843425","99.99999872843425","99.99999872843425","99.99999872843425","99.99999872843425","100","100","100","100","100","100","100","100","100","99.90382385253906","99.90382385253906","99.90382385253906","100","100","100","100","100","100","100","100","100","100","100","100","100","100","100","99.43596013387044","99.43596013387044","99.43596013387044","100","100","100","99.99999872843425","99.99999872843425","99.99999872843425","76.2829958597819","76.2829958597819","76.2829958597819","96.640625","96.640625","96.640625","100","100","100","97.80229059855144","97.80229059855144","97.80229059855144","100","100","100","100","100","100","100","100","100","100","100","100","100","100","100","100","100","100","100","100","100"
"51","0.006103515625","0.006103515625","0.006103515625","0","0","0","0","0","0","0","0","0","0","0","0","99.99999872843425","99.99999872843425","99.99999872843425","99.99999872843425","99.99999872843425","99.99999872843425","99.99999872843425","99.99999872843425","99.99999872843425","99.99999872843425","99.99999872843425","99.99999872843425","100","100","100","99.99999872843425","99.99999872843425","99.99999872843425","100","100","100","100","100","100","100","100","100","99.99999872843425","99.99999872843425","99.99999872843425","99.99999872843425","99.99999872843425","99.99999872843425","100","100","100","99.99999872843425","99.99999872843425","99.99999872843425","99.99999872843425","99.99999872843425","99.99999872843425","99.99999872843425","99.99999872843425","99.99999872843425","100","100","100","100","100","100","100","100","100","100","100","100","100","100","100","100","100","100","100","100","100","100","100","100","100","100","100","99.46851221720378","99.46851221720378","99.46851221720378","100","100","100","99.99999872843425","99.99999872843425","99.99999872843425","78.8235371907552","78.8235371907552","78.8235371907552","96.42637252807617","96.42637252807617","96.42637252807617","100","100","100","97.80909601847331","97.80909601847331","97.80909601847331","100","100","100","100","100","100","100","100","100","100","100","100","100","100","100","100","100","100","100","100","100"
"52","0.006103515625","0.006103515625","0.006103515625","0","0","0","0","0","0","0","0","0","0","0","0","99.99999872843425","99.99999872843425","99.99999872843425","99.99999872843425","99.99999872843425","99.99999872843425","99.99999872843425","99.99999872843425","99.99999872843425","99.99999872843425","99.99999872843425","99.99999872843425","100","100","100","99.99999872843425","99.99999872843425","99.99999872843425","100","100","100","100","100","100","100","100","100","99.99999872843425","99.99999872843425","99.99999872843425","99.99999872843425","99.99999872843425","99.99999872843425","100","100","100","99.99999872843425","99.99999872843425","99.99999872843425","99.99999872843425","99.99999872843425","99.99999872843425","99.99999872843425","99.99999872843425","99.99999872843425","100","100","100","100","100","100","100","100","100","100","100","100","100","100","100","100","100","100","100","100","100","100","100","100","100","100","100","99.45223617553711","99.45223617553711","99.45223617553711","100","100","100","99.99999872843425","99.99999872843425","99.99999872843425","79.5204480489095","79.5204480489095","79.5204480489095","96.47653198242188","96.47653198242188","96.47653198242188","100","100","100","97.84978612263997","97.84978612263997","97.84978612263997","100","100","100","100","100","100","100","100","100","100","100","100","100","100","100","100","100","100","100","100","100"